ticker,pattern,direction,date,fwd3m,fwd6m,fwd12m
LHX,삼중바닥,up,2014-04,-0.06634598752756216,-0.041743127783622214,0.11905692221101694
LHX,삼중바닥,up,2015-02,0.032244703060797075,0.0009723095752094402,0.02964085430964003
LHX,삼중바닥,up,2015-07,-0.039699827337346005,0.062032267119901396,0.07118244976894039
LHX,삼중바닥,up,2015-11,-0.06147039256023268,-0.04042254359125996,0.27518284349696476
LHX,삼중바닥,up,2016-07,0.03575276062848909,0.19854857428932315,0.34871433373927774
LHX,삼중바닥,up,2017-07,0.22276695693994264,0.40458793881956456,0.46451766102043024
LHX,삼중바닥,up,2018-07,-0.09464182546722144,-0.06304711730402612,0.280038745125907
LHX,삼중바닥,up,2018-09,-0.20050530634111652,-0.04764811759978804,0.2532287921644927
LHX,삼중바닥,up,2019-05,0.12938691408350578,0.08204254922086407,0.07808288299226573
LHX,역H&S,up,2019-10,0.07674602661021757,-0.053399492406252524,-0.2055791945515154
LHX,삼중바닥,up,2020-01,-0.12086928189202684,-0.23274386586050222,-0.21116096453393696
LHX,쌍봉,down,2020-10,0.06918057942051115,0.3113275340957893,0.4580407166352993
LHX,삼중바닥,up,2021-04,0.08876088733243148,0.11188141690372899,0.13032081225736136
LHX,삼중바닥,up,2022-02,-0.041018772675735504,-0.08738255438851128,-0.14689221048083867
LHX,쌍봉,down,2022-09,0.006919873849988711,-0.045736186786352384,-0.142286855520114
LHX,쌍봉,down,2022-12,-0.05229419142856828,-0.048397223459743954,0.036686788059251185
LHX,쌍봉,down,2023-02,-0.16241366030416515,-0.14655155746676607,0.027105285314689587
LHX,쌍봉,down,2023-08,0.08492555484468078,0.20347666493596472,0.3599202841810303
LHX,역H&S,up,2024-04,0.06543903499060821,0.1679057397688195,0.04897741569985614
LHX,삼중바닥,up,2024-04,0.06543903499060821,0.1679057397688195,0.04897741569985614
LHX,삼중바닥,up,2025-07,0.056605861609202446,0.2582695373272541,0.024494219382821036
ASTS,쌍봉,down,2023-08,0.237244849550581,-0.19132652688850627,6.4081633546758505
ASTS,쌍봉,down,2024-04,8.357466039917096,9.773755228486985,9.502261847892832
ASTS,역H&S,up,2024-11,0.13859727922839604,-0.03107936949669632,1.3603528779296048
ASTS,삼중바닥,up,2025-06,0.050288943116602036,0.5542477629979912,0.9015621973211567
NVDA,삼중바닥,up,2014-04,-0.04815317009320308,0.06750604435812324,0.22264875869190237
NVDA,컵위드핸들,up,2014-05,0.028212562200012448,0.11325783819791413,0.1848233192158606
NVDA,삼중바닥,up,2014-08,0.0827117651781406,0.14337605435290768,0.17546274605263856
NVDA,컵위드핸들,up,2014-08,0.0827117651781406,0.14337605435290768,0.17546274605263856
NVDA,삼중바닥,up,2014-11,0.05602995287003809,0.06428473131955936,0.5377255201269147
NVDA,삼중바닥,up,2015-02,0.007816803327487687,0.028063113249201743,0.4448571984649734
NVDA,삼중바닥,up,2015-04,-0.09719122872779906,0.28924573382843466,0.6266602833071984
NVDA,삼중바닥,up,2015-09,0.34219670313602424,0.4562110380730997,1.8128834104950124
NVDA,삼중바닥,up,2016-03,0.32281980062282845,0.9316454393980562,2.0793206680444136
NVDA,삼중바닥,up,2017-05,0.1748473328699771,0.39263140110903705,0.7519969915599898
NVDA,삼중바닥,up,2018-08,-0.4171527557192811,-0.44928932680447664,-0.4007114638637136
NVDA,삼중바닥,up,2020-05,0.5075886441012032,0.5110838845822465,0.8328192139622792
NVDA,삼중바닥,up,2021-04,0.2994085319944524,0.7040784241769786,0.23654742753905622
NVDA,삼중바닥,up,2023-05,0.3046494821012513,0.2364195523530117,1.8986670321450734
NVDA,삼중바닥,up,2023-12,0.8246484940912955,1.494970905127377,1.7124926908417453
NVDA,삼중바닥,up,2024-11,-0.09635726938130207,-0.02241053834472506,0.2806564022157332
NVDA,삼중바닥,up,2025-06,0.181027358321044,0.18058674156990073,0.26815919983765624
IONQ,삼중바닥,up,2024-11,-0.3268493234294735,0.1052054836325449,0.35068491060439855
IONQ,삼중바닥,up,2025-09,-0.270406521432768,-0.5312195134356739,-0.4024390243902439
AVGO,삼중바닥,up,2014-04,0.09708663105921644,0.36883017668325935,0.8671329779316226
AVGO,삼중바닥,up,2014-09,0.16037937537783287,0.4691318961817974,0.4549733668760787
AVGO,삼중바닥,up,2015-12,0.06794059908662153,0.07755047360124734,0.23645599980745913
AVGO,삼중바닥,up,2016-03,0.008998510331796439,0.12353559444320328,0.4406314474272812
AVGO,삼중바닥,up,2017-01,0.11183644321533626,0.2472871445970568,0.2676899536599331
AVGO,쌍봉,down,2018-07,0.015322216211055562,0.23151025257507762,0.3560867305264721
AVGO,삼고점,down,2018-07,0.015322216211055562,0.23151025257507762,0.3560867305264721
AVGO,삼중바닥,up,2019-01,0.19755517203241113,0.10115748341591635,0.18126955540219214
AVGO,삼중바닥,up,2019-11,-0.12911860930883057,-0.053725362662671694,0.3301063952672143
AVGO,역H&S,up,2021-05,0.06091488422727109,0.19006538591386501,0.26337839857977063
AVGO,삼중바닥,up,2021-06,0.02441903676946211,0.4146768705495354,0.048447998132840286
AVGO,삼중바닥,up,2023-03,0.35930915843145783,0.3086522277980921,1.1068374802411385
AVGO,삼중바닥,up,2023-05,0.14833257207205475,0.1581398022137892,0.6768437507043019
AVGO,삼중바닥,up,2023-11,0.41128613324511365,0.4478767999329685,0.7778126381176913
AVGO,삼중바닥,up,2024-12,-0.2756356543258395,0.1953712083152892,0.5063297644471103
AVGO,삼중바닥,up,2025-06,0.19889452176797118,0.26013555786580667,0.38043836830047906
MRVL,쌍봉,down,2015-08,-0.20864156244979093,-0.14074742836218523,0.12882336126980798
MRVL,삼중바닥,up,2016-08,0.16180978250750466,0.26934123337464033,0.4681581304706717
MRVL,삼중바닥,up,2017-05,0.04257984050644548,0.3047217054548732,0.26498629556104514
MRVL,삼중바닥,up,2017-08,0.2514357699656742,0.31945270182676966,0.16816460654841414
MRVL,쌍봉,down,2018-09,-0.15511932816763507,0.03796630022449343,0.31007207761100264
MRVL,삼중바닥,up,2019-04,0.05207556495864751,-0.020282648097709632,0.07954478788364505
MRVL,삼중바닥,up,2019-07,-0.06877663113409649,-0.08005669300557361,0.40169110867697944
MRVL,삼중바닥,up,2019-09,0.06888467906703188,-0.08927475180827038,0.6046605790348452
MRVL,삼중바닥,up,2020-05,0.19071563961777005,0.4233092176287947,0.4887738043803982
MRVL,역H&S,up,2021-03,0.19231512143584362,0.2340942809764044,0.469797676243342
MRVL,삼중바닥,up,2021-06,0.03504036708873426,0.5029179686067102,-0.2510248004988779
MRVL,삼중바닥,up,2024-01,-0.02562147233463674,-0.008979455085756927,0.6720809507233718
MRVL,삼중바닥,up,2024-11,-0.008883086290144893,-0.34956334148982693,-0.03247754648969792
AMD,H&S,down,2015-03,-0.10447759866236506,-0.358208960535054,0.06343277374655654
AMD,쌍봉,down,2015-07,0.09844556641183666,0.1398964287428306,2.554404310855093
AMD,쌍봉,down,2017-11,0.1120293181719263,0.2607896335517501,0.9559227332918061
AMD,삼중바닥,up,2019-11,0.16168576678530067,0.374201714947513,1.3667943818816797
AMD,삼중바닥,up,2020-07,-0.027637858468475218,0.10603124179406542,0.3714322875226441
AMD,삼중바닥,up,2021-07,0.13221584511474482,0.0759016609218095,-0.11036821688717835
AMD,쌍봉,down,2024-12,-0.1494329242068705,0.17476606358931956,0.7729944700627904
NTAP,쌍봉,down,2015-05,-0.037631917383153524,-0.07144236165573459,-0.21598967833046634
NTAP,삼고점,down,2015-05,-0.037631917383153524,-0.07144236165573459,-0.21598967833046634
NTAP,쌍봉,down,2015-12,0.035988617833157655,-0.060156787177517934,0.3655991570408057
NTAP,삼중바닥,up,2017-01,0.044746009278819,0.14412345249071845,0.6335816538331762
NTAP,삼중바닥,up,2017-07,0.02765359754017971,0.4278019127017487,0.8149339976607435
NTAP,삼중바닥,up,2017-10,0.38938054235335273,0.5090051454299802,0.796572378076799
NTAP,삼중바닥,up,2018-04,0.17037050503426499,0.1905674301494038,0.11857064396637385
NTAP,쌍봉,down,2019-08,0.2726045188078041,-0.011089285780786162,0.026532433723582383
NTAP,쌍봉,down,2020-03,0.07720739926290454,0.07614457408920527,0.8166155867824023
NTAP,삼중바닥,up,2021-04,0.07210059107887634,0.20960539735887496,0.0038739278929602605
NTAP,삼중바닥,up,2021-12,-0.09283242209077103,-0.2824491826819153,-0.32917304841434925
NTAP,쌍봉,down,2022-02,-0.07624920938504587,-0.06656829580903678,-0.15154779295041698
NTAP,쌍봉,down,2022-09,-0.02166039485459814,0.04854166891301759,0.2643226442966047
NTAP,쌍봉,down,2022-12,0.07175633430191386,0.29264298502823904,0.511488507910197
NTAP,삼중바닥,up,2023-06,-0.0002539713260724108,0.16930082429308735,0.7263855958292005
NTAP,삼중바닥,up,2023-11,-0.019156700044366426,0.33169056176562606,0.3673579777204161
NTAP,쌍봉,down,2025-02,-0.00014142307957010214,0.14281599465140737,0.012678052089785563
VRT,삼중바닥,up,2023-05,1.0409320044149166,1.262175536570251,4.0858766314917485
VRT,삼중바닥,up,2024-10,0.07104952147498156,-0.21820858372419571,0.7670468613041763
ON,삼중바닥,up,2014-04,-0.09032937742599145,-0.11902230645275713,0.22422961153733123
ON,역H&S,up,2014-06,-0.021881920725042914,0.10831506935789226,0.27899334149625643
ON,쌍봉,down,2014-10,0.2074789233948735,0.3896261171017734,0.3268998854785541
ON,삼중바닥,up,2014-12,0.19545898517944948,0.15399797120619096,-0.03257649752990821
ON,쌍봉,down,2016-01,0.10630838817795962,0.17172888332876002,0.5560746544239847
ON,삼중바닥,up,2017-08,0.17564402888762154,0.4004683947974943,0.2494145344209986
ON,쌍봉,down,2018-07,-0.22902491663458924,-0.09115638961814099,-0.02448975178516588
ON,삼중바닥,up,2019-12,-0.48974569283815594,-0.18703854072647141,0.3424938748524211
ON,역H&S,up,2021-07,0.23067071184729104,0.5104966186801987,0.7096773279931481
ON,삼중바닥,up,2021-08,0.3848061194760415,0.4114066670175225,0.5502704169715156
ON,쌍봉,down,2022-06,0.23891870661217962,0.23971371952687437,0.8799443301400125
ON,삼중바닥,up,2022-11,0.02938838834512536,0.11170215248360127,-0.0514627031148831
ON,삼중바닥,up,2023-02,0.07996375816013024,0.2719286193842001,0.019506451820193504
ON,삼중바닥,up,2023-06,-0.01723413883755387,-0.11683234127544306,-0.2752167294920701
ON,쌍봉,down,2025-01,-0.24149788599157018,0.07680551100580968,0.14424912523977595
NVTS,쌍봉,down,2024-05,-0.22762150520901903,-0.2966752072549491,0.3043477730638109
NVTS,쌍봉,down,2024-08,-0.08940396775886061,-0.19205295608250794,0.9403974074584596
NVTS,역H&S,up,2025-09,-0.0110803221649306,0.21468153914321353,0.61080338675913
APH,삼중바닥,up,2014-04,0.010670954171684066,0.06567076356607404,0.17187486405335162
APH,삼중바닥,up,2014-11,0.055248049949985,0.06858739941547509,0.03617760428652583
APH,삼중바닥,up,2016-05,0.06362013513522213,0.16778526702964824,0.2820778592726454
APH,삼중바닥,up,2016-07,0.11016616221985487,0.13908216092467507,0.29879816097981293
APH,역H&S,up,2017-02,0.08028433808117197,0.1745684721795251,0.33212352496278874
APH,삼중바닥,up,2018-07,-0.040607936264638655,-0.05498121139643497,0.0079646337547985
APH,삼중바닥,up,2019-03,0.018388101276937352,0.027043613049173132,-0.22007931122335223
APH,삼중바닥,up,2019-11,-0.11639992566959823,-0.06643513891664998,0.27108547371577063
APH,역H&S,up,2021-03,0.03926024579616083,0.11461860076727715,0.15267834293515947
APH,삼중바닥,up,2021-04,0.07883755025704953,0.14472735454113717,0.07152983135868829
APH,삼중바닥,up,2023-06,-0.008872732612833834,0.17238555776877762,0.5992939281649936
APH,컵위드핸들,up,2023-08,0.03205991706428035,0.24181377466661957,0.5390507807272933
APH,삼중바닥,up,2023-11,0.20323806218440232,0.4609472270246995,0.6104076285474953
APH,삼중바닥,up,2024-11,-0.08126404492887274,0.24378298213583482,0.9548816886853548
APH,삼중바닥,up,2025-04,0.3865957067021466,0.8165050917474541,0.9273886363056818
TDY,삼중바닥,up,2014-04,-0.017876412354065008,0.11598100982422155,0.1304113776734308
TDY,쌍봉,down,2014-07,0.13629386755604878,0.04210530806776713,0.1367324741006306
TDY,삼중바닥,up,2014-10,-0.08289102157249462,0.012930657172635973,-0.1389558455865869
TDY,삼중바닥,up,2015-03,-0.011430724091923028,-0.15393984623264256,-0.17417786360518728
TDY,쌍봉,down,2015-08,-0.0551527047687026,-0.1300173923071768,0.09427020102452532
TDY,삼고점,down,2015-09,-0.01771878238584934,-0.023920305527246888,0.19523805822368434
TDY,쌍봉,down,2016-01,0.14399996243990376,0.2923076923076924,0.5122461876502404
TDY,역H&S,up,2016-10,0.141066144115493,0.252135971851162,0.5783804442067579
TDY,삼중바닥,up,2016-10,0.141066144115493,0.252135971851162,0.5783804442067579
TDY,삼중바닥,up,2017-07,0.2465894915579745,0.4003227467880326,0.6093589853498163
TDY,삼중바닥,up,2018-05,0.17770270326564286,0.11476220761783629,0.1704556497243821
TDY,삼중바닥,up,2019-04,0.17210577126822324,0.32630483034536106,0.3104906065207609
TDY,삼중바닥,up,2019-06,0.1757037863771722,0.2653449254148461,0.13539276938306966
TDY,삼중바닥,up,2020-12,0.05528338767997054,0.06849832857133631,0.1145721781809832
TDY,삼중바닥,up,2021-03,0.01252264656645341,0.038510801186588894,0.14258433907069712
TDY,삼중바닥,up,2022-03,-0.20633480423112338,-0.2859742341064909,-0.05346681181935464
TDY,쌍봉,down,2023-10,0.1171414221196434,0.01839348278330033,0.21551566185848547
TDY,역H&S,up,2024-03,-0.09629180013190264,0.01942606027114957,0.15929838573586874
TDY,역H&S,up,2025-01,-0.08859247253743163,0.07762117223957299,0.213110914834451
TDY,삼중바닥,up,2025-01,-0.08859247253743163,0.07762117223957299,0.213110914834451
TDY,삼중바닥,up,2025-06,0.1439167317056258,-0.003084043996398722,0.30175094687233384
COHR,삼고점,down,2014-04,-0.047222178438562246,-0.06319443552214399,0.23541676297232206
COHR,삼중바닥,up,2015-02,0.06746714240238916,-0.0343053395838534,0.2550029188214309
COHR,삼중바닥,up,2016-01,0.0033654617663698705,-0.03365379236858779,0.7548077566736573
COHR,삼중바닥,up,2016-09,0.21866007856583058,0.48170979655183044,0.6913276471400314
COHR,삼중바닥,up,2017-09,0.14094772835945024,-0.006075333918099002,0.14945315876389342
COHR,쌍봉,down,2018-10,0.019607831082784966,0.07010477148651573,-0.10958898916259141
COHR,쌍봉,down,2019-11,0.017129153506407757,0.6282972904999076,1.31757452169101
COHR,역H&S,up,2020-10,0.8489113137860655,0.47657791042852793,0.33076746639677146
COHR,삼중바닥,up,2020-11,0.2461197509287505,-0.004138932342666157,-0.07568370482036757
COHR,쌍봉,down,2021-09,0.15111187884891764,0.2211926738277068,-0.4129043444106074
COHR,쌍봉,down,2022-06,-0.3159961147739442,-0.31108934350296424,0.000588788593673506
COHR,삼중바닥,up,2024-09,0.06545944725120423,-0.2695984729884606,0.21156221779135942
LITE,삼중바닥,up,2018-08,-0.3450662706722598,-0.26730487655381496,-0.17879238485316895
LITE,쌍봉,down,2018-11,0.11873169854645194,-0.08994827727006649,0.6563976082783818
LITE,삼중바닥,up,2019-10,0.2092243349438141,0.2912544503533221,0.319661708311054
LITE,삼중바닥,up,2020-07,-0.10923192060367137,0.010449221173866485,-0.09522787668768395
LITE,삼중바닥,up,2020-12,-0.03639245217906928,-0.13470468208201336,0.11571722825071351
LITE,쌍봉,down,2022-09,-0.23917167272667794,-0.2123377780092076,-0.3411112657685188
LITE,쌍봉,down,2023-04,0.08518135980003239,-0.18735753192802784,-0.09305702960552942
LITE,쌍봉,down,2023-10,0.4011731678021253,0.11604180931650077,0.6289212043664032
LITE,삼중바닥,up,2024-09,0.324550260862573,-0.016408975986126006,1.5672136947268402
LITE,삼중바닥,up,2025-07,0.8310319241085953,2.5595929307783547,5.485646716622751
GLW,삼중바닥,up,2014-04,-0.05585483939069846,-0.013621026384465718,0.020340190484931853
GLW,삼중바닥,up,2014-12,-0.006089846108713437,-0.1304484367650911,-0.1832370532215052
GLW,삼중바닥,up,2016-09,0.03214736282090036,0.15474185113032335,0.2933383596428141
GLW,삼중바닥,up,2016-11,0.15547890434090772,0.22425280287716043,0.37678036484083877
GLW,삼중바닥,up,2017-10,0.002025054183685482,-0.12751182616164958,0.04423151117024893
GLW,삼중바닥,up,2018-08,-0.03298566557905924,0.05076747263793813,-0.1472973623445304
GLW,쌍봉,down,2019-08,0.049893151391903645,-0.12979917220533144,0.20319745844309134
GLW,삼고점,down,2019-08,0.049893151391903645,-0.12979917220533144,0.20319745844309134
GLW,쌍봉,down,2020-01,-0.1680983482467835,0.1828466398246389,0.38639289283463096
GLW,역H&S,up,2021-06,-0.10253823557306474,-0.07855192854612314,-0.2088248034367678
GLW,쌍봉,down,2022-06,-0.07172822492712594,0.029981140543235973,0.14945281235173136
GLW,쌍봉,down,2022-09,0.10956852098877756,0.2356815731861588,0.08601610051194686
GLW,쌍봉,down,2023-09,0.009103576857008022,0.10179701345143943,0.5310483153907044
GLW,삼고점,down,2023-10,0.22598307925501127,0.2705364924714555,0.8375245100048179
GLW,삼중바닥,up,2024-05,0.13075002846601325,0.32289306890814573,0.3632866604013114
GLW,삼중바닥,up,2025-07,0.41434740731938513,0.6449207152656373,1.2100135600738153
AAOI,쌍봉,down,2016-04,0.057142888769811995,0.7169642740822566,3.409821449174565
AAOI,삼중바닥,up,2016-11,0.8538553621444358,1.8187322730928939,0.7626160290896458
AAOI,역H&S,up,2017-09,-0.4151847724500869,-0.6124941986162564,-0.6186794410757552
AAOI,쌍봉,down,2018-10,-0.1146204837592123,-0.3622006626069192,-0.5231788050513746
AAOI,쌍봉,down,2020-03,0.4321475187128738,0.48221340893704645,0.10144920798543278
AAOI,쌍봉,down,2021-04,0.04318490934559671,0.03238869809682132,-0.6531713918806149
AAOI,쌍봉,down,2021-12,-0.2898832314828309,-0.6984435812104262,-0.6322957130761275
AAOI,삼중바닥,up,2023-06,0.8406040598683449,2.2416106663031186,0.39093958201223034
AAOI,삼중바닥,up,2024-11,-0.46967491598781963,-0.6259097617748466,-0.35031538346498137
RTX,삼중바닥,up,2014-04,-0.10694589357579376,-0.0860936353877898,-0.017852607527899078
RTX,삼중바닥,up,2015-02,-0.03361112163880342,-0.2394878323816011,-0.18669349584167694
RTX,역H&S,up,2016-06,-0.0032370157527348287,0.08207679247236066,0.21916821473536352
RTX,삼중바닥,up,2016-07,-0.04485191061277627,0.031282824761484695,0.12774013389585726
RTX,삼중바닥,up,2016-11,0.051056272367171474,0.1387729854260491,0.15416680391999726
RTX,삼중바닥,up,2017-11,0.1155911789695605,0.03928839666522199,0.025743888473658272
RTX,삼중바닥,up,2018-09,-0.23402682425895405,-0.06730909526182127,-0.0007372318954659285
RTX,삼중바닥,up,2019-10,0.05131706900010058,-0.27574494777946323,-0.3830359030971925
RTX,H&S,down,2020-07,-0.03450367508142416,0.19469228548810502,0.5757081949422258
RTX,H&S,down,2020-09,0.25181754153474856,0.36097216374828633,0.5322897385567127
RTX,삼중바닥,up,2021-10,0.02092124802901396,0.0803232154063589,0.09207002873015213
RTX,삼중바닥,up,2022-01,0.05818467143477135,0.04543944074880191,0.13304060535608864
RTX,쌍봉,down,2023-05,-0.05968753156272544,-0.10295886083932926,0.2019184117764894
RTX,쌍봉,down,2023-07,-0.06791820922723935,0.051202158360400096,0.372549619804734
RTX,삼고점,down,2023-09,0.17771602709657208,0.374124421307759,0.7265129954785026
RTX,삼중바닥,up,2024-07,0.03530044636974017,0.10929003220214706,0.3692985473554029
RTX,삼중바닥,up,2025-01,-0.016918508588622982,0.23439182504605283,0.5872516522299933
RTX,삼중바닥,up,2025-05,0.1671929981108593,0.2923116178449665,0.3373632418598116
ATI,삼중바닥,up,2014-04,-0.08210462558589449,-0.1956250329981215,-0.15822827418401653
ATI,쌍봉,down,2015-07,-0.30429795138385896,-0.5526967145651791,-0.14061624794873528
ATI,삼중바닥,up,2017-01,-0.15554529369395242,-0.12839388251048167,0.24068107006034878
ATI,삼중바닥,up,2017-04,0.03215259620286903,0.37220707257331465,0.447956356538022
ATI,삼중바닥,up,2017-09,0.010041831587816796,-0.009204992337486062,0.2364016614523159
ATI,삼중바닥,up,2017-12,-0.019055472083810865,0.04059658137378408,-0.09817725732425053
ATI,삼중바닥,up,2018-09,-0.2632825373998481,-0.13468695922146612,-0.3147207944897955
ATI,쌍봉,down,2018-12,0.17455209725112253,0.15755628080166462,-0.05098762457562156
ATI,삼고점,down,2018-12,0.17455209725112253,0.15755628080166462,-0.05098762457562156
ATI,쌍봉,down,2019-05,-0.07426437010367748,0.07706677395094497,-0.5945819538982875
ATI,삼고점,down,2019-05,-0.07426437010367748,0.07706677395094497,-0.5945819538982875
ATI,쌍봉,down,2019-08,0.16347123213953707,-0.13773963593698935,-0.5797174544921238
ATI,삼고점,down,2019-08,0.16347123213953707,-0.13773963593698935,-0.5797174544921238
ATI,쌍봉,down,2020-01,-0.5646376678909081,-0.4962319083835768,-0.013913030209748656
ATI,삼중바닥,up,2022-03,-0.15387485263173606,-0.008569282448910531,0.47019369821679957
ATI,삼중바닥,up,2022-08,0.01937854720321397,0.35816909827593024,0.514533958197648
ATI,삼중바닥,up,2023-01,0.06128056003404825,0.31025009906262646,0.12311073419557994
ATI,삼중바닥,up,2023-06,-0.0696359495418094,0.028035308417371452,0.25367400716314426
ATI,삼중바닥,up,2024-02,0.24725497706294997,0.2989020063383856,0.18259454018936339
ATI,쌍봉,down,2025-03,0.6594272220557105,0.5633288150346145,1.7956949860961138
ATI,삼중바닥,up,2025-05,-0.026368640007725208,0.26569567835606667,1.1993973506342916
ATI,역H&S,up,2025-09,0.4108680514259109,0.7882962043619803,1.4436933024530747
CRS,삼중바닥,up,2014-04,-0.1354808432977852,-0.19523932125133037,-0.3014668058623834
CRS,쌍봉,down,2015-09,0.022348560992695887,0.16313681935028046,0.4158475001868931
CRS,쌍봉,down,2015-12,0.13771062407607815,0.10002123655488848,0.21966429675750931
CRS,삼중바닥,up,2016-07,-0.18704343926415434,0.02924780111067915,0.04881839853036718
CRS,삼중바닥,up,2016-09,-0.11931049175874275,-0.08803431249773652,0.18528557369714482
CRS,삼중바닥,up,2017-09,0.06545685498325904,-0.07462536200348646,0.24475266409700724
CRS,삼중바닥,up,2018-05,-0.0010813449268446407,-0.2760617221354543,-0.31278962258043164
CRS,삼중바닥,up,2018-07,-0.1979786753835462,-0.1308523079642101,-0.16540724635719728
CRS,컵위드핸들,up,2018-08,-0.2752780477289932,-0.2070219681828559,-0.17132124057077291
CRS,쌍봉,down,2018-10,0.08369648706215838,0.14834906751334054,0.1428065187211034
CRS,쌍봉,down,2020-01,-0.442123738023244,-0.4320396005522861,-0.18995850602937936
CRS,삼중바닥,up,2023-01,0.0921515804917481,0.24431268846354248,0.29300869758894543
CRS,삼중바닥,up,2023-04,0.13932233463717814,0.201828337105749,0.6515949374142611
CRS,삼중바닥,up,2023-06,0.20154237030427335,0.2698855312574915,0.9767373689280736
CRS,역H&S,up,2024-01,0.39503471600203444,1.3744889118229948,2.1541816624047034
CRS,삼중바닥,up,2024-04,0.7021002306150006,0.749099960775977,1.293606932933561
CRS,삼중바닥,up,2025-05,0.025870439764257736,0.357735443212434,1.0010487822480023
LDOS,쌍봉,down,2014-09,0.27941368058466676,0.2526492265750284,0.25255922198214686
LDOS,역H&S,up,2015-05,-0.0019273563912043379,0.3837177914201173,0.19483930561626073
LDOS,삼중바닥,up,2015-10,-0.117749084749596,-0.04441438109283491,0.10337558955318826
LDOS,삼중바닥,up,2016-09,0.18917340098705893,0.19642309842072825,0.4014328975400636
LDOS,삼중바닥,up,2016-11,0.04768095175893916,0.0987622560693433,0.27166762632942465
LDOS,삼중바닥,up,2017-04,0.020684315782429685,0.2009312012081097,0.24574283525557306
LDOS,삼중바닥,up,2017-08,0.09624776715963868,0.09726180134494222,0.23866311873009538
LDOS,삼중바닥,up,2018-07,-0.04890688293464762,-0.14376172685435373,0.22311233639339845
LDOS,역H&S,up,2020-04,-0.03366613045752287,-0.15384839687766405,0.0395847364902695
LDOS,쌍봉,down,2021-11,0.16312814549433274,0.19773691795760406,0.2625518429296301
LDOS,쌍봉,down,2022-09,0.2066609749303392,0.06018166627270061,0.06996900587534371
LDOS,삼중바닥,up,2022-11,-0.10912732993707364,-0.28078697369649386,-0.0031514331449569166
LDOS,삼고점,down,2023-05,0.25456116743460977,0.38602685212541665,0.9113798406845257
LDOS,삼중바닥,up,2023-12,0.2147092555157175,0.3553293501618948,0.345242494627642
BWXT,삼중바닥,up,2014-04,-0.10498329479596635,-0.1724391360134382,-0.0585598508717563
BWXT,쌍봉,down,2014-05,-0.09801489256048945,-0.07694593589822618,0.04365286771988908
BWXT,삼고점,down,2014-08,0.02335843074180266,0.07563069869944083,0.28861624906602756
BWXT,쌍봉,down,2015-01,0.1908824189310634,0.26892119372315726,0.5501031379643451
BWXT,삼중바닥,up,2016-02,0.10847198481243203,0.22602602027047136,0.47035064124094705
BWXT,삼중바닥,up,2016-12,0.2012858770433097,0.23302722837927958,0.5359038346517824
BWXT,삼중바닥,up,2017-07,0.13975473459076526,0.2089267395934582,0.2592072848028495
BWXT,삼중바닥,up,2018-03,-0.01674449026209024,-0.010772060532414307,-0.2102358612721369
BWXT,삼중바닥,up,2021-03,-0.11571082474229977,-0.1774226696188641,-0.17067023510543344
BWXT,쌍봉,down,2021-11,0.11991600531298796,0.08255469394572668,0.2975309415912122
BWXT,삼중바닥,up,2022-10,0.07209513676849544,0.14181157608183392,0.32198580474939553
BWXT,삼중바닥,up,2023-06,0.05094012726403574,0.07867648645903613,0.3421193076505129
BWXT,삼중바닥,up,2024-09,0.02669983966274514,-0.08836733572548627,0.7101343280012846
BWXT,삼중바닥,up,2025-06,0.2816606895415761,0.20321901710438883,0.3587352526346592
PLUG,쌍봉,down,2014-12,-0.13666669527689612,-0.18333331743876136,-0.29666670163472497
PLUG,쌍봉,down,2015-08,0.286549706786982,0.21637419725442197,-0.0935672995680581
PLUG,쌍봉,down,2016-12,0.14999995032946467,0.6999999006589293,0.9666665010982156
PLUG,쌍봉,down,2018-12,0.9354839329913052,0.8145161150769564,1.5483871463930443
PLUG,삼중바닥,up,2019-11,0.11282052473360382,0.07948716287155233,5.766666344699704
PLUG,삼중바닥,up,2020-06,0.6333739080516247,3.130328829458291,3.1644334309194218
PLUG,쌍봉,down,2022-06,0.26795417114247067,-0.25347011989246104,-0.37296315421368664
PLUG,쌍봉,down,2022-12,-0.052546453075484,-0.1600646370698684,-0.6362166498276718
PLUG,쌍봉,down,2023-03,-0.11348121957366042,-0.35153585908925244,-0.7064846434433956
PLUG,쌍봉,down,2023-09,-0.4078947294121633,-0.5473684078438459,-0.7026315764707212
PLUG,쌍봉,down,2024-04,0.0692641081359362,-0.15151511398369377,-0.6233766119831452
PLUG,쌍봉,down,2024-08,0.19148936979691866,-0.14361701149538986,-0.1648935870030931
PLUG,쌍봉,down,2025-02,-0.4534161568865318,-0.024844696582373316,0.11180120866371634
RKLB,삼중바닥,up,2023-07,-0.42605154887969143,-0.3419267327078592,-0.2890095179803843
RKLB,쌍봉,down,2024-03,0.16788322014735546,1.3673964053904641,3.350364617987898
RKLB,역H&S,up,2025-02,0.3074671163876437,1.371888678233447,2.3723767323570946
RKLB,역H&S,up,2025-04,1.1073885378418304,1.8903165165705609,2.786599296443106
RKLB,삼중바닥,up,2025-06,0.3393905293342965,0.9502376640615744,1.8417668500145732
LIN,삼중바닥,up,2014-04,-0.01366464065399342,-0.02542304014351493,-0.046750128959359816
LIN,쌍봉,down,2014-07,-0.011921299766965654,-0.04946079076104459,-0.08997986445470585
LIN,삼중바닥,up,2014-08,-0.01927645459628813,-0.01797367782147441,-0.17872790163359342
LIN,쌍봉,down,2014-10,-0.03799240990138275,-0.021883432190912266,-0.09734203820890497
LIN,삼고점,down,2014-10,-0.03799240990138275,-0.021883432190912266,-0.09734203820890497
LIN,쌍봉,down,2015-03,-0.004044615011982167,-0.14548282426896197,-0.0265923160690964
LIN,쌍봉,down,2015-06,-0.14201259553276213,-0.1318395920986717,-0.03367564178649329
LIN,삼고점,down,2015-07,-0.019914976818495855,-0.1120027607534847,0.049498544952086165
LIN,쌍봉,down,2016-01,0.18312075993688004,0.18187140518883615,0.21611008136144938
LIN,삼중바닥,up,2016-07,0.010602306903067626,0.028969882867369012,0.14494547182958595
LIN,삼중바닥,up,2017-04,0.04748882394656717,0.18300457764209122,0.24794919046224795
LIN,삼중바닥,up,2017-09,0.11264044193547873,0.0436121563679841,0.1743916238395029
LIN,삼중바닥,up,2018-07,-0.007122495212325219,-0.016713637644991453,0.16537283581772177
LIN,삼중바닥,up,2018-10,-0.009659945347152643,0.1008347632446347,0.22281727786819583
LIN,삼중바닥,up,2019-02,0.0526374587877001,0.1065371908842907,0.12360578510159925
LIN,삼중바닥,up,2020-07,-0.09767471816410878,0.008701635636305216,0.2734070109867677
LIN,삼중바닥,up,2020-11,-0.043826838102256294,0.18173214765014345,0.2593406546532149
LIN,삼중바닥,up,2021-03,0.03561531320909994,0.05450829297457771,0.15659932702217572
LIN,쌍봉,down,2022-09,0.2141331332529146,0.32800454976954674,0.40083235872074363
LIN,역H&S,up,2023-10,0.0625948203633584,0.16085110069415376,0.2082379027202299
LIN,삼중바닥,up,2023-10,0.0625948203633584,0.16085110069415376,0.2082379027202299
LIN,삼중바닥,up,2024-08,-0.03325528455284554,-0.01757615176151761,0.01264219430073088
LIN,쌍봉,down,2024-12,0.11589874550139734,0.12796822730623658,0.03215263461715501
LIN,삼중바닥,up,2025-06,0.015633829309020353,-0.08494529399813333,0.12094592521105696
LIN,역H&S,up,2025-08,-0.13937411442303205,0.0695973965983463,0.03738360988420686
LIN,삼중바닥,up,2025-08,-0.13937411442303205,0.0695973965983463,0.03738360988420686
CCJ,쌍봉,down,2014-09,-0.06587385556094871,-0.20274516442872348,-0.29538814199600083
CCJ,쌍봉,down,2015-01,0.2607243205044236,-0.009965673613163917,-0.11407820584818285
CCJ,쌍봉,down,2015-07,0.03832682675536048,-0.10516052773137796,-0.28600179964376404
CCJ,쌍봉,down,2015-09,0.01914222539315813,0.0677110337931861,-0.276678336247853
CCJ,쌍봉,down,2015-11,-0.0031378084829343234,-0.03686368648893401,-0.22662106716075203
CCJ,쌍봉,down,2016-07,-0.18734548479415214,0.3551523386318185,0.10562579735880284
CCJ,쌍봉,down,2017-10,0.13990415600112005,0.30469467855036325,0.3282362687193694
CCJ,삼중바닥,up,2018-11,-0.02441073382049419,-0.1506733118735043,-0.21636785673317638
CCJ,삼중바닥,up,2019-01,-0.08910897957132624,-0.2417492947751536,-0.3298719315066626
CCJ,삼중바닥,up,2019-03,-0.08990672999092719,-0.1942323934471032,-0.3478214886684807
CCJ,쌍봉,down,2019-05,-0.1308226260133425,-0.07734897039981836,0.08423938950255039
CCJ,쌍봉,down,2019-10,-0.09048690941801352,0.12252185266791016,0.07180555633098717
CCJ,쌍봉,down,2020-01,0.23420087549220625,0.25898408022554786,0.5483388463090926
CCJ,쌍봉,down,2020-03,0.3416228478552086,0.3219896131665132,1.1872288493515013
CCJ,삼중바닥,up,2020-12,0.2395522585396892,0.4313431559312746,0.6318811990621964
CCJ,삼중바닥,up,2021-09,0.006314186004518607,0.342675330962696,0.223172418377227
CCJ,삼중바닥,up,2022-03,-0.2776632908294333,-0.08900358100702233,-0.09720448220539257
CCJ,삼중바닥,up,2023-07,0.16353823325369343,0.3607248639930576,0.29632188948131133
CCJ,삼중바닥,up,2024-05,-0.2642767127160499,0.07306508113677923,0.056459183319373496
CCJ,삼중바닥,up,2024-11,-0.2592094238871927,-0.015475201000683003,0.48881419369306345
TSLA,삼중바닥,up,2014-04,0.0741258046412181,0.16263406787680412,0.08735389020134376
TSLA,삼중바닥,up,2014-08,-0.0933630206462539,-0.2460511623476216,-0.07652944859377053
TSLA,삼중바닥,up,2017-03,0.2993531600270991,0.22565575818136407,-0.043729754124735676
TSLA,쌍봉,down,2017-11,0.1107657277521541,-0.0780961529732499,0.1347903537626829
TSLA,쌍봉,down,2018-03,0.28865584495584673,-0.005110343909718429,0.05159129547261121
TSLA,쌍봉,down,2019-04,0.012233332839895139,0.31936819208803535,2.2757130517191397
TSLA,삼중바닥,up,2020-06,0.9865067377286094,2.2675654261490936,2.147312857240361
TSLA,삼중바닥,up,2021-10,-0.1591382899083823,-0.2183483344758249,-0.3872352233767491
TSLA,쌍봉,down,2022-06,0.18165486649386264,-0.4512488338724733,0.1661518620925555
TSLA,쌍봉,down,2022-11,0.05654858725319767,0.0474062448495709,0.23307655672370675
ORCL,삼중바닥,up,2014-04,-0.009109619746825781,-0.03901929941653448,0.08013086889298071
ORCL,쌍봉,down,2014-09,0.17840132861715996,0.1337793008427186,-0.04405692978344977
ORCL,삼중바닥,up,2014-11,0.03605148430810923,0.03185339031626522,-0.06825161827091575
ORCL,쌍봉,down,2015-06,-0.10037872677181303,-0.08655059519008257,0.031524304117844126
ORCL,역H&S,up,2016-06,-0.03678291570989545,-0.053483110776653686,0.2444599943720509
ORCL,삼중바닥,up,2016-06,-0.03678291570989545,-0.053483110776653686,0.2444599943720509
ORCL,쌍봉,down,2016-12,0.16475167136824154,0.3147784350611835,0.24936808425313806
ORCL,H&S,down,2016-12,0.16475167136824154,0.3147784350611835,0.24936808425313806
ORCL,삼중바닥,up,2017-02,0.07033454768033454,0.1913006170242053,0.20876824848210074
ORCL,삼중바닥,up,2018-01,-0.11108551157185809,-0.06832318602251741,-0.01064247744962854
ORCL,쌍봉,down,2018-03,-0.03295252415448202,0.1360996361393445,0.1929428655761498
ORCL,삼중바닥,up,2018-09,-0.12079562148212619,0.05003366573548784,0.08503229971633575
ORCL,삼중바닥,up,2019-06,-0.03014287875679522,-0.06210742781789491,-0.01254460637565269
ORCL,삼중바닥,up,2019-11,-0.11506683731513079,-0.033382656727142135,0.04623226154122517
ORCL,쌍봉,down,2020-02,0.09230548026944829,0.16730437018407973,0.32640764110876597
ORCL,쌍봉,down,2022-05,0.03561786226163299,0.16560164651191922,0.49904735696971425
ORCL,쌍봉,down,2022-09,0.3453444673689725,0.5350890345003221,0.7633505369267175
ORCL,역H&S,up,2023-03,0.28700690714000654,0.14869593704100392,0.3725152501532558
ORCL,삼중바닥,up,2023-03,0.28700690714000654,0.14869593704100392,0.3725152501532558
ORCL,쌍봉,down,2023-12,0.19602322401443106,0.34880560258845295,0.5999034386751558
ORCL,삼중바닥,up,2024-03,0.12774198318759278,0.36480045953188633,0.12506949901444564
ORCL,삼중바닥,up,2024-06,0.21020630594441592,0.18616310282581017,0.565663506130081
ORCL,삼중바닥,up,2025-06,0.2891074259489408,-0.10504914501906426,-0.3229642904310086
RGTI,쌍봉,down,2024-08,2.3296942398878704,8.235807815366156,16.71833994558799
RGTI,삼중바닥,up,2024-12,-0.48099607093686936,-0.2228047523727804,0.45150716161904647
RGTI,삼중바닥,up,2025-09,-0.25646193562266384,-0.5287009221092369,-0.4874118835691428
FCX,삼중바닥,up,2014-07,-0.2265079416406055,-0.5375005137604291,-0.6726843855087696
FCX,H&S,down,2015-04,-0.49015455721129686,-0.48730571494437414,-0.39016828390417035
FCX,쌍봉,down,2015-07,0.005587658587944633,-0.6069921634906709,0.10725709869847466
FCX,쌍봉,down,2015-12,0.5273265633177269,0.6454946487722035,0.9483011302441267
FCX,삼중바닥,up,2016-11,-0.12703579421739664,-0.2514657525212627,-0.09315978937533609
FCX,삼중바닥,up,2017-01,-0.23423423595307258,-0.12192177719573793,0.17117137055641285
FCX,삼중바닥,up,2017-12,-0.07331201925482711,-0.08712366946177985,-0.4510620625933789
FCX,쌍봉,down,2018-04,0.08793680377274571,-0.22893664472137232,-0.1786643308585143
FCX,쌍봉,down,2018-08,-0.14695412514436335,-0.07437792141192556,-0.33512113707405455
FCX,쌍봉,down,2019-05,-0.049270737068425996,0.18389697776055614,-0.052919623553133066
FCX,쌍봉,down,2019-08,0.2452514337362557,0.09391137317110632,0.7144534793852053
FCX,쌍봉,down,2020-03,0.7140741884953905,1.317036826663987,3.8785186687528057
FCX,역H&S,up,2021-07,-0.007896231380198127,-0.017783953119089757,-0.16003696551108593
FCX,삼중바닥,up,2022-02,-0.1650158458365738,-0.3639573325242874,-0.11209797283081047
FCX,삼중바닥,up,2024-03,0.036667558363153274,0.06794785818744775,-0.18446281926975083
FCX,쌍봉,down,2024-12,-0.001987433780802128,0.14783370947042984,0.3541072726678638
OII,쌍봉,down,2014-09,-0.09412747061309412,-0.1651004333422177,-0.3842457656405023
OII,쌍봉,down,2014-12,-0.07834762665466644,-0.1996389850552035,-0.34671083235718103
OII,쌍봉,down,2015-06,-0.15071316723690464,-0.18375688540017354,-0.33837703565504207
OII,쌍봉,down,2015-12,-0.10526852623549532,-0.18942904079585776,-0.22232301364927953
OII,쌍봉,down,2016-10,0.17695296922628745,0.12112457307043178,-0.13031982770310924
OII,쌍봉,down,2017-05,-0.06885940476342367,-0.19314905991193831,-0.0160052743159369
OII,쌍봉,down,2017-10,0.022749802544131503,0.050445128209772205,-0.0633036015214643
OII,쌍봉,down,2020-02,-0.3908918311641767,-0.4886148115755795,0.11954461417856743
OII,쌍봉,down,2021-11,0.3695042954153065,0.18989717178012455,0.42095417929274115
OII,삼중바닥,up,2023-07,-0.02049002121107546,-0.07438752871005638,0.33719373886707404
OII,삼중바닥,up,2024-07,-0.1872085527493712,-0.17221852090135115,-0.2771485532297029
OII,삼중바닥,up,2024-11,-0.263175433959993,-0.36390927331542877,-0.18612408301890926
OII,쌍봉,down,2025-02,-0.13671346477604585,0.10457217971869337,0.6070620079122588
QS,쌍봉,down,2024-06,0.1686991688689694,0.05487804405277452,0.3658535947124575
QS,쌍봉,down,2025-02,-0.14712154558680102,0.6908314992725946,0.4754797424021999
OKLO,삼중바닥,up,2024-02,-0.05357148779193843,-0.43890981225971604,2.138157736113485
OKLO,삼중바닥,up,2025-07,0.733516263491149,0.039561385997774146,-0.4930147057358626
CRWD,쌍봉,down,2022-11,0.025839361462810073,0.3610709970759285,1.0143646614491075
CRWD,삼중바닥,up,2025-01,0.07737329421023897,0.14193483297017662,0.10886273936177959
CRWD,삼중바닥,up,2025-05,-0.10113071133919971,0.08017058560447166,0.5507987516648483
PLTR,삼중바닥,up,2023-11,0.25087286174794565,0.08129681447081194,2.345636128856483
PLTR,삼중바닥,up,2024-02,-0.13556617340004595,0.25518339864430706,2.385964849572326
PLTR,삼중바닥,up,2025-05,0.18917899655108283,0.27826679699974544,0.18788886580810793
DOCS,삼중바닥,up,2024-08,0.44100059159961735,0.9168026737315664,0.8471996926669028
CRSP,삼중바닥,up,2020-06,0.13811405389743303,1.0834127780786695,1.2028848019528926
CRSP,쌍봉,down,2021-10,-0.3019818381485758,-0.4566955224234692,-0.42691340081862494
CRSP,쌍봉,down,2022-12,0.11266907366391288,0.3810577437225475,0.5399753044109534
CRSP,쌍봉,down,2024-12,-0.13541671108747166,0.23577232305368057,0.3323170176201018
CRSP,쌍봉,down,2025-03,0.429327097691228,0.9044960294862769,0.39788426098224816
CRSP,쌍봉,down,2025-05,0.42821715413289696,0.47340864898752333,0.5480848412196688
ALNY,삼중바닥,up,2015-05,-0.21496676682441884,-0.20619421416128336,-0.45289493306688744
ALNY,쌍봉,down,2016-01,-0.02756021843042089,-0.012474624019378266,-0.4199303704339835
ALNY,역H&S,up,2017-09,0.08136867275351545,0.013703299341432995,-0.25508555422269685
ALNY,삼중바닥,up,2017-09,0.08136867275351545,0.013703299341432995,-0.25508555422269685
ALNY,쌍봉,down,2018-09,-0.16693319859849964,0.06775594758487191,-0.08112430011940108
ALNY,삼중바닥,up,2020-04,0.10675776677594984,-0.06628698504047748,0.06788156908553034
ALNY,삼중바닥,up,2021-07,-0.10830448540514837,-0.2310271363242401,-0.2062144218834261
ALNY,쌍봉,down,2022-05,0.6428457325546741,0.7534975436139968,0.470667647207587
ALNY,쌍봉,down,2023-09,0.08080179031857004,-0.15612652852824804,0.5529643664638881
ALNY,쌍봉,down,2024-02,-0.017605425419169873,0.7386326613837395,0.6331326095751555
ALNY,역H&S,up,2024-11,-0.02497335575654336,0.2034614483904802,0.7830244514445293
ALNY,삼중바닥,up,2025-05,0.4660822607858137,0.48158003218895096,-0.00847119317358569
SMR,삼중바닥,up,2025-05,0.08315104013105667,-0.37480462197262066,-0.6039387256347241
FTI,삼중바닥,up,2014-05,0.06510529029306378,-0.17723028578449407,-0.28022733221321494
FTI,쌍봉,down,2015-07,0.03266158484762527,-0.2322957670299577,-0.2252748440727831
FTI,쌍봉,down,2016-01,0.21232637835617485,0.009145348762781502,0.336779708468701
FTI,쌍봉,down,2017-04,-0.05277108966620481,-0.09093919670308104,0.1041082515149534
FTI,쌍봉,down,2018-10,-0.12229279792478431,-0.054617269159549786,-0.23285075267773647
FTI,삼고점,down,2018-11,-0.034647133048583245,-0.08876222578982595,-0.16473658643507516
FTI,쌍봉,down,2020-02,-0.49084141562009775,-0.4701996871233446,-0.23986171766654596
FTI,쌍봉,down,2021-11,0.2081128317719736,0.4532630567563356,1.1869488033390674
FTI,삼중바닥,up,2024-03,0.043387069092363895,0.0485258797325816,0.2712594421025667
FTI,삼중바닥,up,2024-07,-0.09357130530994584,0.022331737936630347,0.2415270907151994
FTI,삼중바닥,up,2024-11,-0.061523715119209066,-0.0036564999765243966,0.45142435859700725
FTI,역H&S,up,2025-03,0.08852313574099058,0.2486532888014208,1.1923546766593942
WDC,삼중바닥,up,2014-04,0.139110487083687,0.1264069758470303,0.12924313053305503
WDC,삼중바닥,up,2014-06,0.0543881231497958,0.20857645655739887,-0.13392834306353585
WDC,삼중바닥,up,2014-11,0.03960425202934137,-0.048762633362921304,-0.38203809336495853
WDC,쌍봉,down,2015-10,-0.2759475900588013,-0.37679384858512754,-0.09093858207244432
WDC,쌍봉,down,2017-11,0.11058688315337406,0.07135707404046587,-0.40888195791805526
WDC,삼중바닥,up,2018-03,-0.15558723230947846,-0.35596347967850617,-0.45803239324530665
WDC,H&S,down,2019-02,-0.25179602184812444,0.1644557383196832,0.14876579768866272
WDC,삼중바닥,up,2019-12,-0.3390503677754203,-0.2896882458001423,-0.10885233686526441
WDC,쌍봉,down,2022-03,-0.0970794141810738,-0.34441075763052986,-0.2412889123644476
WDC,쌍봉,down,2022-06,-0.273923695321591,-0.29623026660684404,-0.15391486672599153
WDC,쌍봉,down,2022-08,-0.1303831891935776,-0.08944627448100173,0.06483681812336828
WDC,삼중바닥,up,2023-08,0.073555462438879,0.32155551383086944,0.45755551292925545
WDC,삼중바닥,up,2023-11,0.2310081407704725,0.5584766326314867,0.5108673081497777
WDC,쌍봉,down,2025-03,0.585684766923936,1.9785738660083685,5.719208009486865
MU,역H&S,up,2014-04,0.1696021220437236,0.26684563535243844,0.07695261593244651
MU,삼중바닥,up,2014-04,0.1696021220437236,0.26684563535243844,0.07695261593244651
MU,삼중바닥,up,2014-11,-0.14687068269840975,-0.22308767751264236,-0.5568846242908417
MU,삼중바닥,up,2017-09,0.045512520013610835,0.3257057567285866,0.15001278623180947
MU,삼중바닥,up,2018-05,-0.08803614191521769,-0.33043933908464085,-0.433755898337142
MU,삼중바닥,up,2020-11,0.4281479606015739,0.3128413923843798,0.31248907791576075
MU,쌍봉,down,2022-06,-0.09193031367924209,-0.09012794511584343,0.15122173264389294
MU,H&S,down,2022-11,0.005231047702105807,0.1880890188325124,0.33077247628709516
QBTS,삼중바닥,up,2024-12,-0.09523806550335046,0.7428572628773855,2.113095334057369
LEU,쌍봉,down,2014-09,-0.5788442532155684,-0.49951027282838034,-0.7012732672947342
LEU,쌍봉,down,2015-08,-0.5567282415679715,-0.65171502223269,-0.08707122085159846
LEU,쌍봉,down,2018-07,-0.29126209771782485,-0.148867253238114,0.055016207448551624
LEU,쌍봉,down,2018-12,0.6508874954961463,0.928994011884813,3.0710058470391095
LEU,삼중바닥,up,2020-06,-0.16633466958556864,1.3037847857220135,1.5278883722308656
LEU,삼중바닥,up,2020-12,0.025508005793128508,0.09727626812094647,1.157803789810338
LEU,삼중바닥,up,2021-09,0.2909984491568247,-0.1282979592356278,0.060010338954502584
LEU,쌍봉,down,2023-04,0.28327643184925977,0.8112628353825289,0.4651877618779976
LEU,삼중바닥,up,2023-09,-0.0414023703948837,-0.2683227623785619,-0.033650456375850624
LEU,삼중바닥,up,2023-12,-0.2367212112522703,-0.21429883992118204,0.22422350298021043
LEU,쌍봉,down,2024-02,0.21671978313741125,-0.029173876310291003,1.2243197185709258
LEU,삼중바닥,up,2024-10,-0.20720542349203885,-0.3325305602052653,2.5397360571911363
LEU,삼중바닥,up,2025-05,0.5894263996049931,1.0430191580038493,0.43767730738393396
ADI,삼중바닥,up,2014-04,-0.02556453953197002,-0.018587733750151658,0.23967720253714586
ADI,역H&S,up,2015-02,0.1679041346389578,-0.032388961931791194,-0.06849866879106215
ADI,삼중바닥,up,2015-02,0.1679041346389578,-0.032388961931791194,-0.06849866879106215
ADI,삼중바닥,up,2016-07,0.010884500712645906,0.18853408092841706,0.2670474824993132
ADI,삼중바닥,up,2017-10,0.01166746171224009,-0.033207413710687916,-0.06463646790986044
ADI,삼중바닥,up,2018-01,-0.044357337881538283,0.056776840609790824,0.09778967771359803
ADI,삼중바닥,up,2018-05,0.026909989561745062,-0.039938160056046,0.019935586590269283
ADI,삼중바닥,up,2019-02,-0.0916720877268472,0.037702337527509844,0.04083899699494342
ADI,역H&S,up,2019-06,-0.005127008197736704,0.06320124458269727,0.10915018788317465
ADI,삼중바닥,up,2019-07,-0.08764080106351702,-0.056491270921850134,-0.0018915355039165194
ADI,삼중바닥,up,2019-12,-0.2415297580361656,0.043217540926141496,0.2687325006887724
ADI,삼중바닥,up,2020-11,0.13014328965004385,0.19887133875767904,0.31840576599522175
ADI,삼중바닥,up,2021-05,-0.005841675041265759,0.09970580109239191,0.04120211677480268
ADI,쌍봉,down,2022-09,0.18243307226350747,0.4283040780342908,0.28016450742584165
ADI,역H&S,up,2023-06,-0.0969546522956718,0.02891973597684161,0.1931230540629294
ADI,삼중바닥,up,2023-06,-0.0969546522956718,0.02891973597684161,0.1931230540629294
ADI,쌍봉,down,2023-10,0.2284140196633515,0.28713526052025085,0.4428439264789563
ADI,삼중바닥,up,2023-12,0.0008160887627575164,0.15958807314566226,0.08815529955955892
ADI,삼중바닥,up,2024-03,0.15864251800666396,0.17293276737948005,0.03654020584673412
ADI,삼고점,down,2025-03,0.18561867444536762,0.22871428532797755,0.6015959162592082
CEVA,쌍봉,down,2014-09,0.3497023776790249,0.5863095506299254,0.3816964490035062
CEVA,삼중바닥,up,2015-10,-0.009413830244018984,-0.013264927777434488,0.28583646375454186
CEVA,삼중바닥,up,2016-05,0.16420112708499857,0.17603543492485008,0.5624999470964709
CEVA,삼중바닥,up,2017-04,0.2847222222222223,0.34166664547390413,-0.09444448682996964
CEVA,삼중바닥,up,2017-10,-0.0890269007242791,-0.3250517807646849,-0.4898550770422748
CEVA,역H&S,up,2020-10,0.4580853512028691,0.37499997634736304,0.13120042052496372
CEVA,삼중바닥,up,2020-12,0.23406596760173426,0.03956042279253946,-0.049670292780949477
CEVA,쌍봉,down,2022-01,-0.0353065590922661,-0.011680346378984297,-0.12078575678858172
CEVA,쌍봉,down,2022-08,-0.07174582673819929,0.07823706772684047,-0.20669631191633475
CEVA,쌍봉,down,2023-09,0.1712222691763794,0.1712222691763794,0.245487384152421
CEVA,삼중바닥,up,2024-11,0.151983812548802,-0.36919971845122523,-0.274041683969517
MOG-A,삼중바닥,up,2014-05,-0.016097763821241617,0.009991600667538014,-0.0475993362277124
MOG-A,삼중바닥,up,2014-10,-0.08152581592289965,-0.08701278852435412,-0.1931015187210352
MOG-A,쌍봉,down,2015-07,-0.07627897451888033,-0.3070594938917328,-0.1763386156574075
MOG-A,삼고점,down,2015-07,-0.07627897451888033,-0.3070594938917328,-0.1763386156574075
MOG-A,쌍봉,down,2016-01,0.054608060385886725,0.18864661119103499,0.4217572080866532
MOG-A,삼중바닥,up,2017-06,0.1632738963124285,0.21095912849285736,0.09019669816544229
MOG-A,쌍봉,down,2018-10,0.25441343927563964,0.3164305945753403,0.18401167433656784
MOG-A,삼중바닥,up,2019-02,-0.1203044263005103,-0.12999409439212561,-0.1697237255904368
MOG-A,삼중바닥,up,2019-04,-0.12757942995442495,-0.10058936702355248,-0.4654763527850695
MOG-A,쌍봉,down,2019-07,0.03093698596476524,0.10668341227400457,-0.3348073783256307
MOG-A,쌍봉,down,2020-03,0.0484862914794848,0.2623384599788019,0.6627309714791554
MOG-A,삼고점,down,2020-03,0.0484862914794848,0.2623384599788019,0.6627309714791554
MOG-A,H&S,down,2020-06,0.20396277017371145,0.5076659802049839,0.6079750442824594
MOG-A,쌍봉,down,2021-11,0.2056073246416854,0.18477581902522133,0.2745225392708115
MOG-A,쌍봉,down,2022-08,0.1641693722476696,0.322723375853716,0.5662721147574341
MOG-A,삼중바닥,up,2022-11,0.13619496216424687,0.12325346229782608,0.6248814389277146
MOG-A,컵위드핸들,up,2022-12,0.15107905975765434,0.24247781617108122,0.6662628909043518
MOG-A,역H&S,up,2023-05,0.197769584595751,0.4465848479146586,0.7568677766982959
MOG-A,삼중바닥,up,2023-06,0.04424582633975782,0.3410805965447661,0.5552711346081545
MP,쌍봉,down,2023-04,0.10059992143519225,-0.2431933751365708,-0.2616520561297405
MP,쌍봉,down,2023-09,0.03926701492255624,-0.2513089054904777,-0.07591626879474844
MP,쌍봉,down,2024-03,-0.1097902536753641,0.23426569112676754,0.7069929735544782
MP,쌍봉,down,2024-06,0.3864886294748153,0.22545176295656133,1.61351152035619
MP,쌍봉,down,2024-08,0.6333333579760811,0.8612403828595889,4.514728797934149
MP,역H&S,up,2025-01,0.1138433562944765,1.8005465648441237,1.6762296406158965
MP,삼중바닥,up,2025-02,-0.09246144490594532,1.962932057954482,1.4518949758721593
MP,삼중바닥,up,2025-06,1.0159302305982747,0.5184851145974256,0.6834985738169135
RMBS,삼중바닥,up,2014-04,-0.04797352492852569,-0.052936338729967725,0.14474772356602572
RMBS,삼중바닥,up,2015-05,-0.12164811388605323,-0.21975144964421833,-0.20863306660183256
RMBS,쌍봉,down,2017-04,0.02955270543378008,0.17492008788428426,0.07827472095886612
RMBS,삼중바닥,up,2017-10,-0.1414004023325668,-0.0822569704288999,-0.40788579092048893
RMBS,쌍봉,down,2018-09,-0.2969752352367543,-0.0421631571567882,0.20348307040127045
RMBS,삼중바닥,up,2020-01,-0.21045999853012765,-0.06994326809588014,0.1972274818532962
RMBS,삼중바닥,up,2020-12,0.11340215082518501,0.3579610726072824,0.6832761128713485
RMBS,삼중바닥,up,2021-06,-0.0636861400185409,0.23956138863352106,-0.09363135382018373
RMBS,삼중바닥,up,2021-11,0.003717486352707633,-0.06691447072811862,0.4267658591964021
RMBS,삼중바닥,up,2022-03,-0.32612103535838055,-0.20288489925323328,0.6074004171405631
RMBS,역H&S,up,2023-08,0.19833534099758476,0.049052601343811064,-0.20807507961753324
RMBS,삼중바닥,up,2023-11,-0.12457509559010382,-0.18338998349651536,-0.1457070646143328
RMBS,쌍봉,down,2024-08,0.2927101922020492,0.24977633864138094,0.6495973754337598
ADBE,삼중바닥,up,2014-06,-0.04380870843292706,0.004698677930110362,0.11954120305302296
ADBE,삼중바닥,up,2014-11,0.07356132120651715,0.07342557017246376,0.24131377179226043
ADBE,삼중바닥,up,2015-02,-0.0001264492594615918,-0.006700363963600742,0.07648550149766664
ADBE,삼중바닥,up,2015-04,0.07796477117432898,0.16565877607094404,0.23875893038412999
ADBE,삼중바닥,up,2015-10,0.005301077959569911,0.06271145193929106,0.212609944682159
ADBE,삼중바닥,up,2016-03,0.021215328347819584,0.15714282925594536,0.3873134397555211
ADBE,역H&S,up,2016-06,0.13310366299342258,0.0747467999194289,0.47656332696076986
ADBE,삼중바닥,up,2016-07,0.09861027453190241,0.15859387437429384,0.4969344428725504
ADBE,삼중바닥,up,2017-01,0.17957319397564464,0.29202689223691936,0.7618627566231833
ADBE,삼중바닥,up,2019-04,0.03322380415406223,-0.03913572108632235,0.2226102494328004
ADBE,삼중바닥,up,2019-07,-0.07003277019892895,0.17493151261242157,0.4867162855594236
ADBE,삼중바닥,up,2019-11,0.11498076592979034,0.2489904294516272,0.5457952479813273
ADBE,삼중바닥,up,2020-05,0.32796173446249943,0.23763578289387932,0.3051732504038289
ADBE,역H&S,up,2020-11,-0.03929188401572725,0.0545697437351329,0.39998322544145637
ADBE,삼중바닥,up,2021-06,-0.016938808307467745,-0.0317260033896376,-0.37494025612587056
ADBE,삼중바닥,up,2021-11,-0.301813824406446,-0.37824882262327353,-0.4850638124244748
ADBE,쌍봉,down,2022-09,0.22285604597331,0.4003269550267172,0.8528341979610443
ADBE,쌍봉,down,2024-12,-0.13751460579219088,-0.1299810847013103,-0.21293965098727807
SHOP,삼중바닥,up,2017-12,0.2335642735863006,0.44445536606079084,0.37079205387258796
SHOP,삼중바닥,up,2019-02,0.45334382450659017,1.0374834575454366,1.4494316171935848
SHOP,삼중바닥,up,2019-12,0.0486694854245997,1.3874440251840259,1.847099988572603
SHOP,삼중바닥,up,2020-04,0.619510056739919,0.46361636485758195,0.8702019528928417
SHOP,삼중바닥,up,2020-12,-0.02248330911971974,0.29067545029401765,0.21682935451594854
SHOP,삼중바닥,up,2021-02,-0.0297430662307705,0.19033230037290205,-0.4580200751283656
SHOP,삼중바닥,up,2021-06,-0.07200648711042945,-0.05721507739319509,-0.7861709384721931
SHOP,쌍봉,down,2022-09,0.2884186487150282,0.7795099360188622,1.0256124206767065
SHOP,삼중바닥,up,2024-11,-0.03114185572352768,-0.07249132667846847,0.3723183519346027
SHOP,삼중바닥,up,2025-08,0.1228765625732402,-0.1454558012451984,0.04310586346623779
GOOGL,삼중바닥,up,2015-08,0.17756482558875697,0.10712847558378136,0.21924299990881058
GOOGL,삼중바닥,up,2016-07,0.0234538321782225,0.03645701686401148,0.19480892615229406
GOOGL,삼중바닥,up,2017-01,0.12720249486809165,0.15278193568258613,0.44139802010693896
GOOGL,삼중바닥,up,2017-10,0.144408878466872,-0.013997626565585786,0.055699661013562496
GOOGL,삼중바닥,up,2018-07,-0.11134118808334337,-0.08256882634008544,-0.007349973935906529
GOOGL,삼중바닥,up,2019-10,0.1382108956168142,0.06982859576280198,0.283849430549284
GOOGL,삼중바닥,up,2020-07,0.0861315679165191,0.2281057026373896,0.8109006116560948
GOOGL,삼중바닥,up,2020-11,0.1524793533557054,0.3433936884398108,0.6176181771247649
GOOGL,삼중바닥,up,2021-12,-0.03993348035601063,-0.24776312915415455,-0.3908953736349021
GOOGL,쌍봉,down,2022-04,0.019371703259116746,-0.1717603476718662,-0.05932457988985784
GOOGL,H&S,down,2022-08,-0.06680848904508596,-0.16780658105464918,0.2582699097972949
GOOGL,쌍봉,down,2022-09,-0.07757441240796359,0.08447456099644546,0.3681130068026357
GOOGL,역H&S,up,2023-11,0.044744912458309694,0.3015922957965924,0.2779626935886834
GOOGL,삼중바닥,up,2023-12,0.08046385527288513,0.3054551216792496,0.3600560714355028
GOOGL,삼중바닥,up,2024-12,-0.1821548754392076,-0.06684338751388896,0.6599356099155671
GOOGL,삼중바닥,up,2025-08,0.505172841211794,0.4665489026289855,0.5984127889385997
PANW,삼중바닥,up,2015-02,0.19174519023449288,0.15468997349641,0.018070593036839
PANW,쌍봉,down,2016-05,0.020772613901211434,0.02997087046237512,-0.09098579102787085
PANW,쌍봉,down,2017-03,0.18752212163785376,0.2788426802045758,0.6109334947774907
PANW,삼중바닥,up,2018-01,0.21942101608486797,0.25584334084263505,0.360739856516445
PANW,삼중바닥,up,2019-02,-0.1873147020827718,-0.1731838248278298,-0.2503349535767726
PANW,쌍봉,down,2019-05,0.01738788346627773,0.13530525774080115,0.17552711782028196
PANW,쌍봉,down,2020-02,0.274347270842634,0.3942693503522303,0.9407973126282594
PANW,삼중바닥,up,2020-11,0.21907321080357756,0.23588051328027793,0.8608465123515747
PANW,삼중바닥,up,2021-07,0.2757549860164408,0.29657936214780123,0.25072051465004397
PANW,삼중바닥,up,2022-02,-0.15392507034385394,-0.06300376633399807,-0.04903660098929341
PANW,쌍봉,down,2022-12,0.4314176229289943,0.8310879088470473,1.1132293182653967
PANW,역H&S,up,2023-05,0.140165910997047,0.3828670377333787,0.3820235461157018
PANW,삼중바닥,up,2023-05,0.140165910997047,0.3828670377333787,0.3820235461157018
PANW,삼중바닥,up,2023-11,0.05239076772150475,-0.0006099585821782716,0.31424315340106723
PANW,삼중바닥,up,2024-11,-0.01794652632977145,-0.007684005286083262,-0.019493572832289585
PANW,삼중바닥,up,2025-06,-0.004984383676227333,-0.0998827331038401,0.6664385752090758
ETN,삼중바닥,up,2014-06,-0.17313636363935314,-0.10685034591784193,-0.09884017078429463
ETN,역H&S,up,2016-06,0.1100018512666483,0.1440247331130291,0.34861987713974774
ETN,삼중바닥,up,2016-07,0.014713389786180198,0.1369013455679089,0.27720760695029534
ETN,삼중바닥,up,2016-12,0.11436086556686575,0.1788380426618843,0.215405729001394
ETN,삼중바닥,up,2017-10,0.057144327837513,-0.0476595323041652,-0.08198738799791738
ETN,삼중바닥,up,2018-01,-0.09913864869905153,0.007728675683795316,-0.07611718505213949
ETN,삼중바닥,up,2018-09,-0.20834770010747083,-0.0629212030469869,-0.015835142839403682
ETN,쌍봉,down,2018-10,0.06390420419024667,0.16579917837354508,0.2578060176070591
ETN,쌍봉,down,2018-12,0.18369996156169344,0.2343655256842181,0.42764728493121473
ETN,삼중바닥,up,2019-10,0.08449057763872947,-0.03307568828465557,0.21163980655365244
ETN,역H&S,up,2021-10,-0.03421716192392976,-0.11113561974170194,-0.06981583665642677
ETN,삼중바닥,up,2021-12,-0.1170650069400686,-0.26275315385767783,-0.07182541141435372
ETN,H&S,down,2022-08,0.20236551889653542,0.2868140850139964,0.7185494074326952
ETN,삼중바닥,up,2023-02,0.01569270832233305,0.33550714702816076,0.682090835518947
ETN,삼중바닥,up,2023-05,0.31487322502696724,0.304767590291394,0.9190768074349263
ETN,삼중바닥,up,2023-12,0.3024630093920868,0.30999271675801454,0.3951130278311301
ETN,삼중바닥,up,2024-11,-0.2186886005102875,-0.14098387632016818,-0.06679218367294248
ETN,삼중바닥,up,2025-07,-0.005325589439559852,-0.08136703321454719,0.09175082252057298
ETN,삼중바닥,up,2025-09,-0.1465879982384859,-0.038674896849929086,0.14926539405714112
VISN,쌍봉,down,2018-05,0.0808322053858983,-0.3826739790711575,-0.449181505372522
VISN,쌍봉,down,2018-10,-0.1309226788758452,0.029925230560715166,-0.5344970824045455
VISN,쌍봉,down,2019-07,-0.21568624038146034,-0.146708661428665,-0.3501400208853459
VISN,쌍봉,down,2020-03,-0.08562011971865569,-0.01207460090802237,0.6860592474316636
VISN,쌍봉,down,2020-06,0.0804321271679822,0.6086432635853081,1.5582230427764658
VISN,쌍봉,down,2020-09,0.4888887724968598,0.7066665650881685,0.5099999904770158
VISN,쌍봉,down,2023-04,-0.08722107241360422,-0.6997971415979896,-0.8186612562400418
VISN,쌍봉,down,2023-08,-0.5,-0.6511976154503809,0.155688629284918
VISN,삼중바닥,up,2025-06,0.8695653389038651,1.1896135914517552,2.163077484901153
5802.T,삼중바닥,up,2015-04,0.08922256481854718,-0.009019250957567171,-0.1888977049713646
5802.T,쌍봉,down,2016-02,0.1741258151881595,0.147194410366003,0.3848032591896098
5802.T,삼중바닥,up,2016-12,0.10827526296360745,0.038632881177671274,0.15714464333249967
5802.T,삼중바닥,up,2017-10,-0.03174590506465502,-0.11224770295352704,-0.17406903106695037
5802.T,쌍봉,down,2018-10,0.0029183094505809137,-0.028413346182727728,0.003133683576955759
5802.T,쌍봉,down,2020-03,0.08919141905156769,0.04972194448267997,0.4901547084576452
5802.T,삼고점,down,2020-03,0.08919141905156769,0.04972194448267997,0.4901547084576452
5802.T,쌍봉,down,2020-10,0.21562630928581972,0.43288631676086675,0.34914456940608996
5802.T,삼중바닥,up,2021-03,-0.011459591535819325,-0.08305113288796784,-0.08876917150467678
5802.T,쌍봉,down,2021-08,0.02937513792380142,0.05218100905248013,0.12615622058762743
5802.T,삼중바닥,up,2023-02,0.001976972447686798,0.08163841042035935,0.3636496790493271
5802.T,컵위드핸들,up,2023-04,0.05568425000551547,-0.07739565985405927,0.4670250518006529
5802.T,삼중바닥,up,2024-01,0.2625776039443164,0.1948193209290474,0.529246605446998
5802.T,삼중바닥,up,2024-11,-0.0926888848784595,0.07630513944398798,1.2029645849763448
5802.T,삼중바닥,up,2025-05,0.3843873964116098,1.0467844147937284,3.2410848679190174
AVAV,쌍봉,down,2015-08,0.06361749418635365,0.03451143243393706,0.02869025180650908
AVAV,삼중바닥,up,2017-06,0.4167538704446949,0.4701570347060551,0.8698952586010187
AVAV,삼중바닥,up,2017-12,-0.1896367798222076,0.27190171829153464,0.20993584638290153
AVAV,삼중바닥,up,2018-05,0.5202211917836723,0.3238851998977825,0.11908052742771269
AVAV,쌍봉,down,2019-05,-0.2041699030224421,-0.05266409030752295,0.09389964217845082
AVAV,삼중바닥,up,2020-11,0.2891439585183946,0.28387396694030276,-0.05422177405448314
AVAV,쌍봉,down,2021-11,-0.12023277399241883,0.13868247464071892,0.1390539305409586
AVAV,삼중바닥,up,2023-09,0.1300995453693481,0.37433874703628156,0.7977226055275317
AVAV,삼중바닥,up,2025-06,0.1050710691658201,-0.15111426907431547,-0.4207053860229819
KTOS,쌍봉,down,2014-09,-0.2347560937935791,-0.15701215578589922,-0.3567073434449465
KTOS,삼고점,down,2014-11,0.12256811883376018,0.1653696355470422,-0.09533069724633958
KTOS,삼중바닥,up,2018-09,-0.0466846815189077,0.05751017569868733,0.25845742337713884
KTOS,삼중바닥,up,2019-01,0.02517755642901487,0.5913492564726412,0.1839896981008151
KTOS,삼중바닥,up,2019-05,-0.09433106556348958,-0.18095237683328214,-0.15873016422229047
KTOS,쌍봉,down,2020-02,0.14083634538399936,0.20233695952444375,0.691266888862222
KTOS,쌍봉,down,2021-09,-0.13043477889160904,-0.08202599585444481,-0.5445988305413458
KTOS,쌍봉,down,2022-04,-0.05141725306844869,-0.2696110831917071,-0.14963747174339082
KTOS,삼중바닥,up,2024-05,0.0551978277632581,0.24609017653152243,0.6968721149048593
KTOS,삼중바닥,up,2024-07,0.00798573161117977,0.4804790406595263,1.6042590230110516
KTOS,삼중바닥,up,2025-05,0.7847654493690703,1.0628896647657635,0.7384114479387398
DRS,삼중바닥,up,2014-09,-0.1610739340717655,-0.026845669226946756,-0.7516778238429661
DRS,쌍봉,down,2015-07,-0.42276432011095166,-0.756097579589434,-0.5040650694718118
DRS,삼중바닥,up,2017-06,0.8944447468755743,0.7111112800837571,0.7111112800837571
DRS,삼중바닥,up,2019-04,-0.017291119596241522,0.46974062797023675,0.22190178230788637
DRS,삼중바닥,up,2022-04,-0.313432758309115,-0.21980997951674663,0.021031243945955902
DRS,삼중바닥,up,2023-04,0.1089702363495948,0.26710964845496665,0.42990040152937214
DRS,삼중바닥,up,2024-06,0.10623287341863419,0.266562326721026,0.8313511048033777
DRS,삼중바닥,up,2024-10,0.1689392322334895,0.23268565665814922,0.2247265857818419
DRS,삼중바닥,up,2025-04,0.12803725281311729,-0.006456691398425529,0.109160412622608
ANET,삼중바닥,up,2017-08,0.32341756000390154,0.5313085414745422,0.6973035557527498
ANET,쌍봉,down,2018-10,-0.06759282358005159,0.3557195583688577,0.061732150396874186
ANET,삼중바닥,up,2019-03,-0.17439419267339373,-0.2402213169840527,-0.3558798939270057
ANET,삼중바닥,up,2020-11,0.03376425459437771,0.2537125584732327,0.8331731357841641
ANET,삼중바닥,up,2021-05,0.08883845088898257,0.4621957189426231,0.205492336705152
ANET,삼중바닥,up,2021-10,0.21369813095571,0.12836533970684827,0.18001415597283876
ANET,쌍봉,down,2022-05,0.17207663946202167,0.361947640929718,0.6263198897452522
ANET,삼중바닥,up,2023-02,0.19927901945061088,0.4075702957685847,1.0010094783815298
ANET,삼중바닥,up,2023-08,0.12539062399249423,0.42160536095208334,0.8100702382639291
ANET,삼중바닥,up,2024-06,0.09512666997488539,0.26146993054743484,0.16765572188463285
ANET,삼중바닥,up,2025-08,-0.042987991540004544,-0.02233616245765835,0.4331014138991418
TEL,삼중바닥,up,2014-04,0.054585141688206384,0.04645478952723092,0.14908423296125828
TEL,삼중바닥,up,2014-06,-0.10178203292514165,0.032234031087821524,0.05868393437926622
TEL,삼중바닥,up,2014-11,0.12807183180937765,0.08430625215538967,0.0658035832350643
TEL,삼중바닥,up,2016-11,0.10638123348084072,0.17765443338678732,0.42363272035117716
TEL,삼고점,down,2020-03,0.3028368574563334,0.5694873833239691,1.090014843306427
TEL,쌍봉,down,2022-06,-0.020623831828075923,0.023335147556453384,0.26077118393807797
TEL,삼중바닥,up,2023-06,-0.11461469725130446,0.01154464693563817,0.09221139097290876
TEL,삼중바닥,up,2024-02,0.04725792291294861,0.0791964642682721,0.09146547627926749
TEL,역H&S,up,2024-08,-0.011878873728867756,0.011368654751212626,0.3666696135096348
TEL,쌍봉,down,2024-12,-0.0073991420939516495,0.1898877990978456,0.6106855724427849
TEL,삼중바닥,up,2025-02,0.04376279819471951,0.35130706996829253,0.5106845463972063
TEL,쌍봉,down,2025-03,0.19875757674437855,0.5657756465151156,0.4953826635463432
